{"classification_report": {"0": {"precision": 0.9305555555555556, "recall": 0.013779707495429616, "f1-score": 0.02715726896054765, "support": 43760}, "1": {"precision": 0.4562760636488478, "recall": 0.998758997269794, "f1-score": 0.6263901620630611, "support": 36261}, "accuracy": 0.4601167193611677, "macro avg": {"precision": 0.6934158096022017, "recall": 0.5062693523826118, "f1-score": 0.32677371551180434, "support": 80021}, "weighted avg": {"precision": 0.7156388629869906, "recall": 0.4601167193611677, "f1-score": 0.2986957893088343, "support": 80021}}, "best_threshold": 0.30000000000000004, "best_f1": 0.6263901620630611}