{"classification_report": {"0": {"precision": 0.9725776965265083, "recall": 0.012156943397088732, "f1-score": 0.024013722126929673, "support": 43761}, "1": {"precision": 0.4560611017439666, "recall": 0.9995863210148924, "f1-score": 0.6263500786285794, "support": 36260}, "accuracy": 0.4595918571375014, "macro avg": {"precision": 0.7143193991352375, "recall": 0.5058716322059906, "f1-score": 0.3251819003777545, "support": 80021}, "weighted avg": {"precision": 0.7385279879898121, "recall": 0.4595918571375014, "f1-score": 0.29695102966807285, "support": 80021}}, "best_threshold": 0.30000000000000004, "best_f1": 0.6263500786285794}